,mutual_information
bytes_per_pkt,1.4253888065782196
ifOutOctets11_d,1.2768777543556205
ipForwDatagrams_d,1.2747565355533734
ipInReceives_d,1.2677342940448764
ifOutUcastPkts11_m5,1.2481210282921178
ifOutUcastPkts11_d,1.245953200911159
ifOutOctets11_m5,1.2414515135432282
ipInReceives_m5,1.2230128833715985
ipForwDatagrams_m5,1.2167135217405904
ifInUcastPkts11_m5,0.8814799970954241
ifOutOctets11_s5,0.8299776014250524
ifInUcastPkts11_d,0.8181707076603244
ifOutUcastPkts11_s5,0.7713403341054477
ifInOctets11_d,0.5909765571979606
ifInUcastPkts11_s5,0.5289583479894211
ifInOctets11_m5,0.5043488942493637
ifInOctets11_s5,0.2517301029210026
ipForwDatagrams_s5,0.21622541780671511
ipInReceives_s5,0.21440862909794234
ipOutRequests_s5,0.18021956869847156
udpOutDatagrams_s5,0.172750741228616
r_udp_ip,0.13999280474243747
r_out_in,0.13786225330646573
ipInDelivers_m5,0.13521868845977325
udpInDatagrams_d,0.12704656665099012
